{
  "001.png" : 
  [
    {
      "camera_frame" : 
      {
        "orientation" : [ -2.3138868225087941, 1.1949941365442154, -0.59164429095927107 ],
        "position" : [ 0.050135010772903353, 0.13637129314012103, 1.8560475793661704 ]
      },
      "corners" : 
      [
        [ 1199.168356781408, 1262.7410151294782 ],
        [ 1227.0434605964049, 1218.3877014307909 ],
        [ 1258.8274943137476, 1244.2346833979566 ],
        [ 1231.9294387025002, 1287.6724070710763 ]
      ],
      "id" : 123,
      "world_frame" : 
      {
        "orientation" : [ -0.6781224505258785, 1.6560439006971543, -0.60508240171030536 ],
        "position" : [ 0.68326023846759143, 1.0838796490891074, -0.55115637657984884 ]
      }
    }
  ],
  "002.png" : 
  [
    {
      "camera_frame" : 
      {
        "orientation" : [ 0.42980019341973735, -2.9735586022420386, 0.36413249646634249 ],
        "position" : [ -0.0018541561338744172, 0.16747272376253658, 1.0123936939521576 ]
      },
      "corners" : 
      [
        [ 1169.1050414212966, 1491.5240439723877 ],
        [ 1078.5796686121275, 1462.4331830710753 ],
        [ 1107.8293996917062, 1371.1967346610754 ],
        [ 1197.396096177506, 1397.8726592603778 ]
      ],
      "id" : 123,
      "world_frame" : 
      {
        "orientation" : [ -1.0804385436283341, -3.148599900230681, -1.3032668351190362 ],
        "position" : [ 1.2949145629009731, 1.5537635271453403, -0.8983021375814213 ]
      }
    }
  ],
  "003.png" : 
  [
    {
      "camera_frame" : 
      {
        "orientation" : [ 0.15987218174153817, 3.1491218146063931, 0.042241923375430326 ],
        "position" : [ -0.25660776998592527, -0.024473054886059151, 1.545538911078669 ]
      },
      "corners" : 
      [
        [ 1006.6958461393683, 1242.2055629497877 ],
        [ 945.38886216824369, 1248.4663128794718 ],
        [ 938.55831716344812, 1186.7973461678616 ],
        [ 1000.3809002817617, 1180.4796628374634 ]
      ],
      "id" : 123,
      "world_frame" : 
      {
        "orientation" : [ 1.20822540794018, 1.989811523389333, 1.3542331174021638 ],
        "position" : [ 0.68515643337217647, 1.456445701901677, -0.82966779763444209 ]
      }
    }
  ],
  "004.png" : 
  [
    {
      "camera_frame" : 
      {
        "orientation" : [ 0.9095228960610604, -2.5088904289693095, 0.26487160217177325 ],
        "position" : [ -0.17152323077947695, -0.33178792378729483, 1.3794816839821757 ]
      },
      "corners" : 
      [
        [ 1005.0391495199874, 963.65714423647171 ],
        [ 964.44047382957558, 932.23498169824143 ],
        [ 1008.3487634699907, 880.89992367637035 ],
        [ 1050.3554180403592, 910.89173858149047 ]
      ],
      "id" : 123,
      "world_frame" : 
      {
        "orientation" : [ -0.14385616562467085, -3.2299402543713316, -1.2857714639820514 ],
        "position" : [ 0.73948205560418501, 1.3954549416112783, -1.1797901534745654 ]
      }
    }
  ],
  "005.png" : 
  [
    {
      "camera_frame" : 
      {
        "orientation" : [ -2.5983253006413012, 1.7276508892251585, -0.043944585505281408 ],
        "position" : [ 0.24014909134822654, -0.40145682023073176, 1.4006084599910888 ]
      },
      "corners" : 
      [
        [ 1342.3740884949011, 828.31617486911796 ],
        [ 1368.7787033452378, 765.30564580457894 ],
        [ 1431.6118023631998, 792.60344526663584 ],
        [ 1405.2389411680556, 855.55558140587073 ]
      ],
      "id" : 123,
      "world_frame" : 
      {
        "orientation" : [ -0.92918239922887413, 1.8068396959441966, 0.093234673355318973 ],
        "position" : [ 0.92371911083521097, 1.0246895717048843, -1.2377896755430067 ]
      }
    }
  ],
  "006.png" : 
  [
    {
      "camera_frame" : 
      {
        "orientation" : [ 2.4244086958212576, -0.081711985442139035, -1.0230867078087393 ],
        "position" : [ 0.050484100268376436, 0.19907361345146321, 0.95035116785018248 ]
      },
      "corners" : 
      [
        [ 1273.9723454854079, 1356.6340159054412 ],
        [ 1351.6077001511585, 1340.4595492092096 ],
        [ 1343.4131480376732, 1439.599433877223 ],
        [ 1263.2757740140817, 1450.8410954519713 ]
      ],
      "id" : 123,
      "world_frame" : 
      {
        "orientation" : [ 3.685658650441443, -1.1569638985549, -0.76225943582418887 ],
        "position" : [ 1.3818485972141386, 1.5483176910016203, -0.8982720675491801 ]
      }
    }
  ],
  "007.png" : 
  [
    {
      "camera_frame" : 
      {
        "orientation" : [ 1.1507427639207126, -2.7769408275663916, 0.89968518394941899 ],
        "position" : [ 0.33264041269608335, -0.27375420068748696, 1.3262333929174195 ]
      },
      "corners" : 
      [
        [ 1461.3163726484465, 986.26035933582625 ],
        [ 1404.1965152346802, 941.39171969500603 ],
        [ 1444.3059782238088, 908.59720515627419 ],
        [ 1500.5744503313556, 951.85285626546863 ]
      ],
      "id" : 123,
      "world_frame" : 
      {
        "orientation" : [ -0.59384522262764672, -3.6163724582153911, -0.41826217581280711 ],
        "position" : [ 1.0782357899231885, 1.0144796984462618, -1.1576984242307817 ]
      }
    }
  ],
  "008.png" : 
  [
    {
      "camera_frame" : 
      {
        "orientation" : [ -3.0715182688637541, 0.30135958114877553, 0.47224050859088301 ],
        "position" : [ -0.4516390854357466, -0.3242637612585757, 1.3868163627297052 ]
      },
      "corners" : 
      [
        [ 795.55700368657131, 851.26549958279361 ],
        [ 854.3905174725885, 831.86141918169176 ],
        [ 867.71007843728307, 900.87301004654387 ],
        [ 808.72585706892937, 918.85356753779229 ]
      ],
      "id" : 123,
      "world_frame" : 
      {
        "orientation" : [ -1.7225747844685966, 0.94353512770801506, -0.20662626354180272 ],
        "position" : [ 0.58287473606141504, 1.6275524084528565, -1.1663657013348474 ]
      }
    }
  ],
  "009.png" : 
  [
    {
      "camera_frame" : 
      {
        "orientation" : [ -0.94244717525402122, -2.6140324657293634, 0.021847255110593045 ],
        "position" : [ 0.037163616541091876, 0.20756151749017643, 1.1246413620527211 ]
      },
      "corners" : 
      [
        [ 1292.5861801218459, 1490.0954709561288 ],
        [ 1230.2911215217123, 1535.6146140414617 ],
        [ 1178.9060363257897, 1467.6338386098059 ],
        [ 1239.0789211168124, 1420.980951687156 ]
      ],
      "id" : 123,
      "world_frame" : 
      {
        "orientation" : [ -1.636595927468494, -1.8192719498490186, -1.7506057314834333 ],
        "position" : [ 1.2478967202943054, 1.474855931665517, -0.81290921742246391 ]
      }
    }
  ],
  "010.png" : 
  [
    {
      "camera_frame" : 
      {
        "orientation" : [ -2.5165450299839733, 0.65285836427431765, 0.10764248423919209 ],
        "position" : [ -0.058088121578366674, -0.029409297420459283, 0.97779255477694116 ]
      },
      "corners" : 
      [
        [ 1077.1006811452112, 1086.1269060140173 ],
        [ 1166.3690905643264, 1039.6853050023765 ],
        [ 1214.9019156476827, 1119.7982051353974 ],
        [ 1128.1722262842607, 1163.5044763903763 ]
      ],
      "id" : 123,
      "world_frame" : 
      {
        "orientation" : [ -1.0732034361517842, 1.0549437531868302, -0.43158492122430464 ],
        "position" : [ 1.2153644050333463, 1.571526334569906, -1.089295024942627 ]
      }
    }
  ]
}