{
  "camera": {
    "intrinsics": [
      [
        1200.0,
        0,
        1199.5
      ],
      [
        0,
        1200.0,
        1199.5
      ],
      [
        0,
        0,
        1
      ]
    ],
    "position": [
      1.9868180751800537,
      2.015709400177002,
      -1.4990242719650269
    ],
    "orientation": [
      0.7467635454245646,
      0.4660553210498401,
      -0.24530256456840102,
      -0.40615673915648615
    ]
  },
  "marker": {
    "size": 0.08,
    "id": 123,
    "pose": [
      {
        "position": [
          1.2418690306141142,
          1.5189057318183274,
          -1.053786092890435
        ],
        "orientation": [
          -0.46605532104984004,
          0.7467635454245646,
          -0.40615673915648615,
          0.245302564568401
        ]
      }
    ]
  }
}