{
    "traces": {
        // "error", "warning", "info", "debug", "all"
        "enable": ["error", "warning", "info"]
    },

    // "imgdump": {
    //     "directory": "tmp/examples/dump"
    // },

    "aruco": {
        "markers_dict": "5x5x1000",
        "marker_side": 80.0e-3,

        // green
        "camera_intrinsics": {
            "K": [2.22941150452038073126e+03, 0.00000000000000000000e+00, 9.68984729666915427515e+02, 0.00000000000000000000e+00, 2.22912079598768286814e+03, 6.18742705743851047373e+02, 0.00000000000000000000e+00, 0.00000000000000000000e+00, 1.00000000000000000000e+00],
            "distortion": [-1.93887610413405381271e-01, 9.47857560150720118708e-02, 0.00000000000000000000e+00, 0.00000000000000000000e+00, 3.01999407248291495964e-01],
            "calibration_tolerance": 0.085212,
            "resolution": [1200, 1920]
        }

        // red
        // "camera_intrinsics": {
        //     "K": [2.21060959248060362370e+03, 0.00000000000000000000e+00, 9.60416121220584955154e+02, 0.00000000000000000000e+00, 2.20764178560845493848e+03, 6.51391564582956902996e+02, 0.00000000000000000000e+00, 0.00000000000000000000e+00, 1.00000000000000000000e+00],
        //     "distortion": [-1.91803199067392987631e-01, 1.12352680165583612704e-01, 0.00000000000000000000e+00, 0.00000000000000000000e+00, 9.46617957415474275962e-02],
        //     "calibration_tolerance": 0.091335,
        //     "resolution": [1200, 1920]
        // }
    },

    "publisher": {
        "port": 11011
    },

    "basler": {
        "config_path": "configs/acA1920-155um_23088639.pfs"
    }
}
