{
    "traces": {
        "enable": ["all"]
    },

    "aruco": {
        "markers_dict": "5x5x1000",
        "marker_side": 80.0e-3,
        "camera_intrinsics": {
            "K": [
                [1200.0, 0, 1199.5 ],
                [0, 1200.0, 1199.5 ],
                [0, 0, 1]
            ],
            "distortion": [0, 0, 0, 0, 0],
            "calibration_tolerance": 0.0,
            "resolution": [2400, 2400]
        },
        "camera_pose": {
            "position": [
                1.9868180751800537,
                2.015709400177002,
                -1.4990242719650269
            ],
            "orientation": [
                0.7467635454245646,
                0.4660553210498401,
                -0.24530256456840102,
                -0.40615673915648615
            ]
        }
    },

    "publish_file": {
        "file": "stdout"
    },

    "fake_camera": {
        "files_mask": "dataset/*.png",
        "image_type": "gray",
        "fps": 5
    }

}
