
{
    "intrinsics": {
        "K": [2.22941150452038073126e+03, 0.00000000000000000000e+00, 9.68984729666915427515e+02, 0.00000000000000000000e+00, 2.22912079598768286814e+03, 6.18742705743851047373e+02, 0.00000000000000000000e+00, 0.00000000000000000000e+00, 1.00000000000000000000e+00],
        "distortion": [-1.93887610413405381271e-01, 9.47857560150720118708e-02, 0.00000000000000000000e+00, 0.00000000000000000000e+00, 3.01999407248291495964e-01],
        "calibration_tolerance": 0.085212,
        "resolution": [1200, 1920]
    }
}
