{
    "logger": {
        "enable_print": ["infos", "errors", "warnings", "debugs"], // "all", "errors", "warnings", "infos", "debugs"
    },

    "imgdump": {
        "img_dump_dir": "dump",
        "enable_dump": ["all"]
    },

    "basler": {
        "config_path": "configs/acA2000-165um_21762375.pfs"
    },

    "marker": {
        "nrows": 5,
        "side": 78.5e-3
    },

    "intrinsics": {
        "K": [3.07359256005060478856e+03, 0.00000000000000000000e+00, 1.02633379172774539256e+03, 0.00000000000000000000e+00, 3.07282671447626535155e+03, 5.82910138225435161985e+02, 0.00000000000000000000e+00, 0.00000000000000000000e+00, 1.00000000000000000000e+00],
        "distortion": [-1.17416810701666401995e-01, 6.47731639192702490782e-01, 0.00000000000000000000e+00, 0.00000000000000000000e+00, -9.18698009811139026937e-01],
        "calibration_tolerance": 0.117467
    }
}
