{
    "logger": {
        "enable_print": ["infos", "errors", "warnings", "debugs"], // "all", "errors", "warnings", "infos", "debugs"
    },

    "imgdump": {
        "img_dump_dir": "dump",
        "enable_dump": ["all"]
    },

    "basler": {
        "config_path": "configs/acA2000-165um_21762375.pfs"
    },

    "marker": {
        "nrows": 5,
        "side": 78.5e-3
    },

    "intrinsics": {
        "K": [3.05668372645739509608e+03, 0.00000000000000000000e+00, 1.01512959310058533902e+03, 0.00000000000000000000e+00, 3.05726855401982584226e+03, 5.70269168900412182666e+02, 0.00000000000000000000e+00, 0.00000000000000000000e+00, 1.00000000000000000000e+00],
        "distortion": [-1.17647612068442167232e-01, 5.12128823843405633909e-01, 0.00000000000000000000e+00, 0.00000000000000000000e+00, -5.15785109703335908904e-01],
        "calibration_tolerance": 0.066023
    }
}
